"項次","分類代碼","分類名稱","法規名稱","法規類別","法規狀態","公發布日","最新異動日期","資料型態","條文數","JSON","原始網址","下載結果"
"1","02","行政院公共工程委員會企劃處","政府採購法","","","民國 87 年 05 月 27 日","民國 108 年 05 月 22 日","逐條法規","123","政府採購法.json","https://lawweb.pcc.gov.tw/LawContent.aspx?id=FL000659","成功"
"2","02","行政院公共工程委員會企劃處","採購評選委員會組織準則","","","民國 88 年 05 月 21 日","民國 115 年 05 月 08 日","逐條法規","11","採購評選委員會組織準則.json","https://lawweb.pcc.gov.tw/LawContent.aspx?id=FL000728","成功"
"3","02","行政院公共工程委員會企劃處","機關指定地區採購房地產作業辦法","","","民國 88 年 05 月 06 日","民國 114 年 11 月 20 日","逐條法規","14","機關指定地區採購房地產作業辦法.json","https://lawweb.pcc.gov.tw/LawContent.aspx?id=FL000673","成功"
"4","02","行政院公共工程委員會企劃處","機關委託技術服務廠商評選及計費辦法","","","民國 88 年 05 月 17 日","民國 114 年 05 月 23 日","逐條法規","41","機關委託技術服務廠商評選及計費辦法.json","https://lawweb.pcc.gov.tw/LawContent.aspx?id=FL000676","成功"
"5","02","行政院公共工程委員會企劃處","機關委託專業服務廠商評選及計費辦法","","","民國 88 年 05 月 17 日","民國 114 年 05 月 23 日","逐條法規","20","機關委託專業服務廠商評選及計費辦法.json","https://lawweb.pcc.gov.tw/LawContent.aspx?id=FL000675","成功"
"6","02","行政院公共工程委員會企劃處","機關委託資訊服務廠商評選及計費辦法","","","民國 88 年 05 月 17 日","民國 114 年 05 月 23 日","逐條法規","23","機關委託資訊服務廠商評選及計費辦法.json","https://lawweb.pcc.gov.tw/LawContent.aspx?id=FL000677","成功"
"7","02","行政院公共工程委員會企劃處","機關辦理設計競賽廠商評選及計費辦法","","","民國 88 年 05 月 06 日","民國 114 年 05 月 23 日","逐條法規","18","機關辦理設計競賽廠商評選及計費辦法.json","https://lawweb.pcc.gov.tw/LawContent.aspx?id=FL000672","成功"
"8","02","行政院公共工程委員會企劃處","機關採購工作及審查小組設置及作業辦法","","","民國 108 年 11 月 22 日","民國 114 年 04 月 28 日","逐條法規","10","機關採購工作及審查小組設置及作業辦法.json","https://lawweb.pcc.gov.tw/LawContent.aspx?id=GL000069","成功"
"9","02","行政院公共工程委員會企劃處","最有利標評選辦法","","","民國 88 年 05 月 17 日","民國 114 年 01 月 21 日","逐條法規","25","最有利標評選辦法.json","https://lawweb.pcc.gov.tw/LawContent.aspx?id=FL000679","成功"
"10","02","行政院公共工程委員會企劃處","採購評選委員會審議規則","","","民國 88 年 05 月 21 日","民國 110 年 11 月 04 日","逐條法規","19","採購評選委員會審議規則.json","https://lawweb.pcc.gov.tw/LawContent.aspx?id=FL000727","成功"
"11","02","行政院公共工程委員會企劃處","機關邀請或委託文化藝術專業人士機構團體提供藝文服務作業辦法","","","民國 91 年 07 月 15 日","民國 110 年 09 月 11 日","逐條法規","11","機關邀請或委託文化藝術專業人士機構團體提供藝文服務作業辦法.json","https://lawweb.pcc.gov.tw/LawContent.aspx?id=FL000730","成功"
"12","02","行政院公共工程委員會企劃處","政府採購法施行細則","","","民國 88 年 05 月 21 日","民國 110 年 07 月 14 日","逐條法規","127","政府採購法施行細則.json","https://lawweb.pcc.gov.tw/LawContent.aspx?id=FL000660","成功"
"13","02","行政院公共工程委員會企劃處","共同供應契約實施辦法","","","民國 88 年 05 月 17 日","民國 108 年 11 月 22 日","逐條法規","15","共同供應契約實施辦法.json","https://lawweb.pcc.gov.tw/LawContent.aspx?id=FL000680","成功"
"14","02","行政院公共工程委員會企劃處","機關委託社會福利服務廠商評選及計費辦法","","","民國 108 年 11 月 22 日","","逐條法規","21","機關委託社會福利服務廠商評選及計費辦法.json","https://lawweb.pcc.gov.tw/LawContent.aspx?id=GL000070","成功"
"15","02","行政院公共工程委員會企劃處","機關辦理涉及國家安全採購之廠商資格限制條件及審查作業辦法","","","民國 108 年 11 月 20 日","","逐條法規","6","機關辦理涉及國家安全採購之廠商資格限制條件及審查作業辦法.json","https://lawweb.pcc.gov.tw/LawContent.aspx?id=GL000068","成功"
"16","02","行政院公共工程委員會企劃處","押標金保證金暨其他擔保作業辦法","","","民國 88 年 05 月 17 日","民國 108 年 11 月 18 日","逐條法規","42","押標金保證金暨其他擔保作業辦法.json","https://lawweb.pcc.gov.tw/LawContent.aspx?id=FL000678","成功"
"17","02","行政院公共工程委員會企劃處","採購專業人員資格考試訓練發證及管理辦法","","","民國 92 年 01 月 29 日","民國 108 年 11 月 14 日","逐條法規","24","採購專業人員資格考試訓練發證及管理辦法.json","https://lawweb.pcc.gov.tw/LawContent.aspx?id=FL022868","成功"
"18","02","行政院公共工程委員會企劃處","中央機關未達公告金額採購招標辦法","","","民國 88 年 04 月 26 日","民國 107 年 03 月 08 日","逐條法規","8","中央機關未達公告金額採購招標辦法.json","https://lawweb.pcc.gov.tw/LawContent.aspx?id=FL000666","成功"
"19","02","行政院公共工程委員會企劃處","機關委託研究發展作業辦法","","","民國 91 年 07 月 24 日","民國 105 年 02 月 17 日","逐條法規","10","機關委託研究發展作業辦法.json","https://lawweb.pcc.gov.tw/LawContent.aspx?id=FL019236","成功"
"20","02","行政院公共工程委員會企劃處","投標廠商資格與特殊或巨額採購認定標準","","","民國 88 年 05 月 17 日","民國 104 年 10 月 29 日","逐條法規","18","投標廠商資格與特殊或巨額採購認定標準.json","https://lawweb.pcc.gov.tw/LawContent.aspx?id=FL000722","成功"
"21","02","行政院公共工程委員會企劃處","統包實施辦法","","","民國 88 年 04 月 26 日","民國 101 年 09 月 24 日","逐條法規","11","統包實施辦法.json","https://lawweb.pcc.gov.tw/LawContent.aspx?id=FL000662","成功"
"22","02","行政院公共工程委員會企劃處","外國廠商參與非條約協定採購處理辦法","","","民國 88 年 05 月 06 日","民國 101 年 08 月 14 日","逐條法規","9","外國廠商參與非條約協定採購處理辦法.json","https://lawweb.pcc.gov.tw/LawContent.aspx?id=FL000671","成功"
"23","02","行政院公共工程委員會企劃處","機關主會計及有關單位會同監辦採購辦法","","","民國 88 年 05 月 25 日","民國 99 年 11 月 29 日","逐條法規","9","機關主會計及有關單位會同監辦採購辦法.json","https://lawweb.pcc.gov.tw/LawContent.aspx?id=FL000682","成功"
"24","02","行政院公共工程委員會企劃處","招標期限標準","","","民國 88 年 04 月 26 日","民國 98 年 08 月 31 日","逐條法規","13","招標期限標準.json","https://lawweb.pcc.gov.tw/LawContent.aspx?id=FL000706","成功"
"25","02","行政院公共工程委員會企劃處","特別採購招標決標處理辦法","","","民國 88 年 04 月 26 日","民國 98 年 08 月 27 日","逐條法規","11","特別採購招標決標處理辦法.json","https://lawweb.pcc.gov.tw/LawContent.aspx?id=FL000669","成功"
"26","02","行政院公共工程委員會企劃處","政府採購公告及公報發行辦法","","","民國 88 年 04 月 26 日","民國 97 年 05 月 20 日","逐條法規","23","政府採購公告及公報發行辦法.json","https://lawweb.pcc.gov.tw/LawContent.aspx?id=FL000664","成功"
"27","02","行政院公共工程委員會企劃處","共同投標辦法","","","民國 88 年 04 月 26 日","民國 96 年 05 月 22 日","逐條法規","17","共同投標辦法.json","https://lawweb.pcc.gov.tw/LawContent.aspx?id=FL000663","成功"
"28","02","行政院公共工程委員會企劃處","特殊軍事採購適用範圍及處理辦法","","","民國 88 年 05 月 17 日","民國 93 年 09 月 08 日","逐條法規","9","特殊軍事採購適用範圍及處理辦法.json","https://lawweb.pcc.gov.tw/LawContent.aspx?id=FL005555","成功"
"29","02","行政院公共工程委員會企劃處","中央機關未達公告金額採購監辦辦法","","","民國 88 年 04 月 26 日","民國 92 年 02 月 12 日","逐條法規","7","中央機關未達公告金額採購監辦辦法.json","https://lawweb.pcc.gov.tw/LawContent.aspx?id=FL000665","成功"
"30","02","行政院公共工程委員會企劃處","替代方案實施辦法","","","民國 88 年 05 月 06 日","民國 91 年 06 月 19 日","逐條法規","15","替代方案實施辦法.json","https://lawweb.pcc.gov.tw/LawContent.aspx?id=FL000674","成功"
"31","02","行政院公共工程委員會企劃處","扶助中小企業參與政府採購辦法","","","民國 88 年 04 月 26 日","民國 91 年 04 月 24 日","逐條法規","10","扶助中小企業參與政府採購辦法.json","https://lawweb.pcc.gov.tw/LawContent.aspx?id=FL000667","成功"
"32","02","行政院公共工程委員會企劃處","機關優先採購環境保護產品辦法","","","民國 88 年 05 月 26 日","民國 90 年 01 月 15 日","逐條法規","17","機關優先採購環境保護產品辦法.json","https://lawweb.pcc.gov.tw/LawContent.aspx?id=FL000683","成功"
"33","02","行政院公共工程委員會企劃處","國內廠商標價優惠實施辦法","","","民國 88 年 05 月 24 日","","逐條法規","9","國內廠商標價優惠實施辦法.json","https://lawweb.pcc.gov.tw/LawContent.aspx?id=FL000681","成功"
"34","02","行政院公共工程委員會企劃處","採購人員倫理準則","","","民國 88 年 04 月 26 日","","逐條法規","15","採購人員倫理準則.json","https://lawweb.pcc.gov.tw/LawContent.aspx?id=FL000710","成功"
"35","02","行政院公共工程委員會企劃處","機關堪用財物無償讓與辦法","","","民國 88 年 04 月 26 日","","逐條法規","10","機關堪用財物無償讓與辦法.json","https://lawweb.pcc.gov.tw/LawContent.aspx?id=FL000668","成功"
"36","02","行政院公共工程委員會企劃處","依政府採購法第三十一條第二項第七款認定屬影響採購公正之違反法令行為","","","民國 104 年 07 月 17 日","民國 114 年 07 月 10 日","非逐條/附件型","0","依政府採購法第三十一條第二項第七款認定屬影響採購公正之違反法令行為.json","https://lawweb.pcc.gov.tw/LawContent.aspx?id=GL000064","成功"
"37","02","行政院公共工程委員會企劃處","政府採購法之查核金額、公告金額及中央機關小額採購金額","","","民國 111 年 12 月 23 日","","非逐條/附件型","0","政府採購法之查核金額、公告金額及中央機關小額採購金額.json","https://lawweb.pcc.gov.tw/LawContent.aspx?id=GL000093","成功"
"38","02","行政院公共工程委員會企劃處","行政院公共工程委員會政府採購諮詢小組設置要點","","","民國 107 年 01 月 11 日","民國 114 年 05 月 13 日","非逐條/附件型","0","行政院公共工程委員會政府採購諮詢小組設置要點.json","https://lawweb.pcc.gov.tw/LawContent.aspx?id=FL041711","成功"
"39","02","行政院公共工程委員會企劃處","採購評選委員會委員須知","","","民國 93 年 02 月 03 日","民國 111 年 02 月 25 日","非逐條/附件型","0","採購評選委員會委員須知.json","https://lawweb.pcc.gov.tw/LawContent.aspx?id=FL028312","成功"
"40","02","行政院公共工程委員會企劃處","各機關採購評選委員會專家學者參考名單資料庫審議小組設置要點","","","民國 95 年 06 月 12 日","民國 110 年 12 月 06 日","非逐條/附件型","0","各機關採購評選委員會專家學者參考名單資料庫審議小組設置要點.json","https://lawweb.pcc.gov.tw/LawContent.aspx?id=FL051975","成功"
"41","04","行政院公共工程委員會技術處","技師法","","","民國 36 年 10 月 27 日","民國 115 年 01 月 05 日","逐條法規","59","技師法.json","https://lawweb.pcc.gov.tw/LawContent.aspx?id=FL011049","成功"
"42","04","行政院公共工程委員會技術處","花蓮馬太鞍溪堰塞湖災後重建特別條例","","","民國 114 年 11 月 11 日","","逐條法規","12","花蓮馬太鞍溪堰塞湖災後重建特別條例.json","https://lawweb.pcc.gov.tw/LawContent.aspx?id=GL000101","成功"
"43","04","行政院公共工程委員會技術處","丹娜絲颱風及七二八豪雨災後復原重建特別條例","","","民國 114 年 08 月 19 日","","逐條法規","10","丹娜絲颱風及七二八豪雨災後復原重建特別條例.json","https://lawweb.pcc.gov.tw/LawContent.aspx?id=GL000098","成功"
"44","04","行政院公共工程委員會技術處","工程技術顧問公司管理條例","","","民國 92 年 07 月 02 日","","逐條法規","44","工程技術顧問公司管理條例.json","https://lawweb.pcc.gov.tw/LawContent.aspx?id=FL025432","成功"
"45","04","行政院公共工程委員會技術處","技師法第十一條第一項第四款之認定小組組成及運作辦法","","","民國 115 年 07 月 09 日","","逐條法規","10","技師法第十一條第一項第四款之認定小組組成及運作辦法.json","https://lawweb.pcc.gov.tw/LawContent.aspx?id=GL000106","成功"
"46","04","行政院公共工程委員會技術處","行政院公共工程委員會推動學術機構參與花蓮馬太鞍溪堰塞湖災後復原重建工作研究發展補助辦法","","","民國 115 年 04 月 23 日","","逐條法規","13","行政院公共工程委員會推動學術機構參與花蓮馬太鞍溪堰塞湖災後復原重建工作研究發展補助辦法.json","https://lawweb.pcc.gov.tw/LawContent.aspx?id=GL000105","成功"
"47","04","行政院公共工程委員會技術處","礦業申請及年度施工計畫相關書圖文件專業技師簽證規則","","","民國 108 年 10 月 29 日","民國 114 年 12 月 31 日","逐條法規","12","礦業申請及年度施工計畫相關書圖文件專業技師簽證規則.json","https://lawweb.pcc.gov.tw/LawContent.aspx?id=GL000066","成功"
"48","04","行政院公共工程委員會技術處","工程技術顧問業個人資料檔案安全維護計畫及處理辦法","","","民國 105 年 07 月 14 日","民國 113 年 12 月 25 日","逐條法規","22","工程技術顧問業個人資料檔案安全維護計畫及處理辦法.json","https://lawweb.pcc.gov.tw/LawContent.aspx?id=GL000033","成功"
"49","04","行政院公共工程委員會技術處","公共工程專業技師簽證規則","","","民國 91 年 07 月 03 日","民國 112 年 10 月 04 日","逐條法規","17","公共工程專業技師簽證規則.json","https://lawweb.pcc.gov.tw/LawContent.aspx?id=FL003722","成功"
"50","04","行政院公共工程委員會技術處","建築物結構與設備專業工程技師簽證規則","","","民國 84 年 02 月 24 日","民國 112 年 08 月 11 日","逐條法規","13","建築物結構與設備專業工程技師簽證規則.json","https://lawweb.pcc.gov.tw/LawContent.aspx?id=FL003646","成功"
"51","04","行政院公共工程委員會技術處","技師懲戒委員會及技師懲戒覆審委員會組織及審議規則","","","民國 63 年 09 月 19 日","民國 110 年 04 月 23 日","逐條法規","25","技師懲戒委員會及技師懲戒覆審委員會組織及審議規則.json","https://lawweb.pcc.gov.tw/LawContent.aspx?id=FL010770","成功"
"52","04","行政院公共工程委員會技術處","工程技術顧問公司管理條例施行細則","","","民國 92 年 12 月 31 日","民國 110 年 01 月 21 日","逐條法規","15","工程技術顧問公司管理條例施行細則.json","https://lawweb.pcc.gov.tw/LawContent.aspx?id=FL027917","成功"
"53","04","行政院公共工程委員會技術處","技師執業執照換發辦法","","","民國 89 年 08 月 31 日","民國 109 年 11 月 16 日","逐條法規","14","技師執業執照換發辦法.json","https://lawweb.pcc.gov.tw/LawContent.aspx?id=FL011132","成功"
"54","04","行政院公共工程委員會技術處","工程價格資料庫作業辦法","","","民國 100 年 07 月 11 日","民國 104 年 11 月 03 日","逐條法規","5","工程價格資料庫作業辦法.json","https://lawweb.pcc.gov.tw/LawContent.aspx?id=GL000016","成功"
"55","04","行政院公共工程委員會技術處","技師法施行細則","","","民國 64 年 03 月 12 日","民國 101 年 11 月 14 日","逐條法規","21","技師法施行細則.json","https://lawweb.pcc.gov.tw/LawContent.aspx?id=FL011050","成功"
"56","04","行政院公共工程委員會技術處","環境工程技師簽證規則","","","民國 83 年 11 月 25 日","民國 100 年 11 月 24 日","逐條法規","24","環境工程技師簽證規則.json","https://lawweb.pcc.gov.tw/LawContent.aspx?id=FL015265","成功"
"57","04","行政院公共工程委員會技術處","技師證書及執業執照收費標準","","","民國 98 年 11 月 30 日","民國 100 年 09 月 16 日","逐條法規","4","技師證書及執業執照收費標準.json","https://lawweb.pcc.gov.tw/LawContent.aspx?id=FL051262","成功"
"58","04","行政院公共工程委員會技術處","工程技術顧問公司許可及登記收費標準","","","民國 98 年 11 月 26 日","","逐條法規","4","工程技術顧問公司許可及登記收費標準.json","https://lawweb.pcc.gov.tw/LawContent.aspx?id=FL051239","成功"
"59","04","行政院公共工程委員會技術處","工程技術顧問公司獎勵輔導辦法","","","民國 92 年 12 月 31 日","","逐條法規","19","工程技術顧問公司獎勵輔導辦法.json","https://lawweb.pcc.gov.tw/LawContent.aspx?id=FL027916","成功"
"60","04","行政院公共工程委員會技術處","中華民國一百十四年花蓮馬太鞍溪堰塞湖災區範圍(新增花蓮縣壽豐鄉二棟受災房屋所在地)","","","民國 114 年 12 月 08 日","","非逐條/附件型","0","中華民國一百十四年花蓮馬太鞍溪堰塞湖災區範圍(新增花蓮縣壽豐鄉二棟受災房屋所在地).json","https://lawweb.pcc.gov.tw/LawContent.aspx?id=GL000103","成功"
"61","04","行政院公共工程委員會技術處","中華民國一百十四年花蓮馬太鞍溪堰塞湖災區範圍","","","民國 114 年 11 月 28 日","","非逐條/附件型","0","中華民國一百十四年花蓮馬太鞍溪堰塞湖災區範圍.json","https://lawweb.pcc.gov.tw/LawContent.aspx?id=GL000102","成功"
"62","04","行政院公共工程委員會技術處","中華民國一百十四年丹娜絲颱風、七二八豪雨及楊柳颱風災區範圍","","","民國 114 年 09 月 30 日","","非逐條/附件型","0","中華民國一百十四年丹娜絲颱風、七二八豪雨及楊柳颱風災區範圍.json","https://lawweb.pcc.gov.tw/LawContent.aspx?id=GL000100","成功"
"63","04","行政院公共工程委員會技術處","各科技師執業範圍","","","民國 80 年 04 月 19 日","民國 107 年 06 月 29 日","非逐條/附件型","0","各科技師執業範圍.json","https://lawweb.pcc.gov.tw/LawContent.aspx?id=GL000042","成功"
"64","04","行政院公共工程委員會技術處","中央政府各機關工程管理費支用要點","","","民國 80 年 08 月 17 日","民國 115 年 07 月 15 日","非逐條/附件型","0","中央政府各機關工程管理費支用要點.json","https://lawweb.pcc.gov.tw/LawContent.aspx?id=FL017691","成功"
"65","04","行政院公共工程委員會技術處","公共設施災後復建工程經費審議及執行作業要點","","","民國 90 年 10 月 19 日","民國 115 年 05 月 07 日","非逐條/附件型","0","公共設施災後復建工程經費審議及執行作業要點.json","https://lawweb.pcc.gov.tw/LawContent.aspx?id=FL003750","成功"
"66","04","行政院公共工程委員會技術處","政府公共工程計畫與經費審議作業要點基本設計階段之必要圖說","","","民國 104 年 06 月 15 日","民國 113 年 12 月 13 日","非逐條/附件型","0","政府公共工程計畫與經費審議作業要點基本設計階段之必要圖說.json","https://lawweb.pcc.gov.tw/LawContent.aspx?id=GL000039","成功"
"67","04","行政院公共工程委員會技術處","公共工程生態檢核注意事項","","","民國 106 年 04 月 25 日","民國 112 年 07 月 18 日","非逐條/附件型","0","公共工程生態檢核注意事項.json","https://lawweb.pcc.gov.tw/LawContent.aspx?id=GL000049","成功"
"68","04","行政院公共工程委員會技術處","政府公共工程計畫與經費審議作業要點","","","民國 90 年 01 月 03 日","民國 111 年 10 月 14 日","非逐條/附件型","0","政府公共工程計畫與經費審議作業要點.json","https://lawweb.pcc.gov.tw/LawContent.aspx?id=FL003747","成功"
"69","04","行政院公共工程委員會技術處","公共工程節能減碳檢核注意事項","","","民國 111 年 08 月 31 日","","非逐條/附件型","0","公共工程節能減碳檢核注意事項.json","https://lawweb.pcc.gov.tw/LawContent.aspx?id=GL000092","成功"
"70","04","行政院公共工程委員會技術處","行政院與所屬各機關辦公處所空間及面積規劃原則","","","民國 107 年 07 月 24 日","民國 109 年 12 月 21 日","非逐條/附件型","0","行政院與所屬各機關辦公處所空間及面積規劃原則.json","https://lawweb.pcc.gov.tw/LawContent.aspx?id=GL000047","成功"
"71","04","行政院公共工程委員會技術處","公共工程共通性工項施工綱要規範之篇章範圍及各章專責機關一覽表","","","民國 109 年 11 月 13 日","","非逐條/附件型","0","公共工程共通性工項施工綱要規範之篇章範圍及各章專責機關一覽表.json","https://lawweb.pcc.gov.tw/LawContent.aspx?id=GL000084","成功"
"72","04","行政院公共工程委員會技術處","公共工程共通性工項施工綱要規範使用及編修應注意事項","","","民國 105 年 12 月 26 日","民國 109 年 06 月 15 日","非逐條/附件型","0","公共工程共通性工項施工綱要規範使用及編修應注意事項.json","https://lawweb.pcc.gov.tw/LawContent.aspx?id=GL000037","成功"
"73","04","行政院公共工程委員會技術處","公共工程創新產品交流作業要點","","","民國 105 年 10 月 19 日","民國 107 年 01 月 29 日","非逐條/附件型","0","公共工程創新產品交流作業要點.json","https://lawweb.pcc.gov.tw/LawContent.aspx?id=GL000036","成功"
"74","04","行政院公共工程委員會技術處","各機關對新材料、新技術及新工法使用試辦作業要點","","","民國 100 年 03 月 31 日","民國 101 年 06 月 13 日","非逐條/附件型","0","各機關對新材料、新技術及新工法使用試辦作業要點.json","https://lawweb.pcc.gov.tw/LawContent.aspx?id=GL000015","成功"
"75","04","行政院公共工程委員會技術處","公共工程監造制度改進推動方案","","","民國 91 年 12 月 20 日","","非逐條/附件型","0","公共工程監造制度改進推動方案.json","https://lawweb.pcc.gov.tw/LawContent.aspx?id=FL051739","成功"
"76","04","行政院公共工程委員會技術處","行政院公共工程委員會補助國內工程產業策略聯盟赴海外拓點計畫作業要點","","","民國 104 年 03 月 25 日","民國 115 年 01 月 30 日","非逐條/附件型","0","行政院公共工程委員會補助國內工程產業策略聯盟赴海外拓點計畫作業要點.json","https://lawweb.pcc.gov.tw/LawContent.aspx?id=GL000027","成功"
"77","04","行政院公共工程委員會技術處","行政院公共工程委員會技師相關活動申請補助處理原則","","","民國 96 年 02 月 16 日","民國 114 年 02 月 07 日","非逐條/附件型","0","行政院公共工程委員會技師相關活動申請補助處理原則.json","https://lawweb.pcc.gov.tw/LawContent.aspx?id=GL000090","成功"
"78","04","行政院公共工程委員會技術處","行政院公共工程委員會行政罰鍰分期繳納案件處理原則","","","民國 113 年 04 月 30 日","","非逐條/附件型","0","行政院公共工程委員會行政罰鍰分期繳納案件處理原則.json","https://lawweb.pcc.gov.tw/LawContent.aspx?id=GL000094","成功"
"79","04","行政院公共工程委員會技術處","機關依技師法第23條第2項委託專業機構、團體辦理技師業務查核之原則","","","民國 109 年 04 月 24 日","","非逐條/附件型","0","機關依技師法第23條第2項委託專業機構、團體辦理技師業務查核之原則.json","https://lawweb.pcc.gov.tw/LawContent.aspx?id=GL000078","成功"
"80","04","行政院公共工程委員會技術處","補充核釋技師法第16條第1項規定技師執行業務所製作之圖樣及書表之簽署方式","","","民國 108 年 11 月 06 日","","非逐條/附件型","0","補充核釋技師法第16條第1項規定技師執行業務所製作之圖樣及書表之簽署方式.json","https://lawweb.pcc.gov.tw/LawContent.aspx?id=GL000067","成功"
"81","03","行政院公共工程委員會工程管理處","工程施工查核小組組織準則","","","民國 91 年 08 月 21 日","民國 114 年 10 月 15 日","逐條法規","12","工程施工查核小組組織準則.json","https://lawweb.pcc.gov.tw/LawContent.aspx?id=FL019428","成功"
"82","03","行政院公共工程委員會工程管理處","工程施工查核小組作業辦法","","","民國 91 年 08 月 21 日","民國 112 年 08 月 09 日","逐條法規","14","工程施工查核小組作業辦法.json","https://lawweb.pcc.gov.tw/LawContent.aspx?id=FL019429","成功"
"83","03","行政院公共工程委員會工程管理處","公共設施有效管理使用作業要點","","","民國 109 年 01 月 22 日","民國 115 年 07 月 16 日","非逐條/附件型","0","公共設施有效管理使用作業要點.json","https://lawweb.pcc.gov.tw/LawContent.aspx?id=GL000075","成功"
"84","03","行政院公共工程委員會工程管理處","公共工程金質獎頒發作業要點","","","民國 90 年 05 月 15 日","民國 115 年 05 月 05 日","非逐條/附件型","0","公共工程金質獎頒發作業要點.json","https://lawweb.pcc.gov.tw/LawContent.aspx?id=FL023911","成功"
"85","03","行政院公共工程委員會工程管理處","公共工程品質管理人員訓練及回訓作業規定","","","民國 114 年 09 月 02 日","","非逐條/附件型","0","公共工程品質管理人員訓練及回訓作業規定.json","https://lawweb.pcc.gov.tw/LawContent.aspx?id=GL000099","成功"
"86","03","行政院公共工程委員會工程管理處","公共工程施工品質管理制度","","","民國 82 年 10 月 07 日","民國 114 年 06 月 27 日","非逐條/附件型","0","公共工程施工品質管理制度.json","https://lawweb.pcc.gov.tw/LawContent.aspx?id=GL000091","成功"
"87","03","行政院公共工程委員會工程管理處","公共工程告示牌設置要點","","","民國 92 年 06 月 12 日","民國 114 年 06 月 05 日","非逐條/附件型","0","公共工程告示牌設置要點.json","https://lawweb.pcc.gov.tw/LawContent.aspx?id=FL025253","成功"
"88","03","行政院公共工程委員會工程管理處","行政院公共工程委員會公共建設督導會報設置及作業要點","","","民國 109 年 06 月 19 日","民國 113 年 07 月 18 日","非逐條/附件型","0","行政院公共工程委員會公共建設督導會報設置及作業要點.json","https://lawweb.pcc.gov.tw/LawContent.aspx?id=GL000081","成功"
"89","03","行政院公共工程委員會工程管理處","工程施工查核小組績效考核作業要點","","","民國 92 年 09 月 26 日","民國 113 年 02 月 06 日","非逐條/附件型","0","工程施工查核小組績效考核作業要點.json","https://lawweb.pcc.gov.tw/LawContent.aspx?id=FL026637","成功"
"90","03","行政院公共工程委員會工程管理處","公共工程工地型預拌混凝土設備設置及拆除管理要點","","","民國 89 年 03 月 16 日","民國 112 年 05 月 19 日","非逐條/附件型","0","公共工程工地型預拌混凝土設備設置及拆除管理要點.json","https://lawweb.pcc.gov.tw/LawContent.aspx?id=FL003758","成功"
"91","03","行政院公共工程委員會工程管理處","公共工程施工品質管理作業要點","","","民國 85 年 12 月 13 日","民國 112 年 05 月 11 日","非逐條/附件型","0","公共工程施工品質管理作業要點.json","https://lawweb.pcc.gov.tw/LawContent.aspx?id=FL003734","成功"
"92","03","行政院公共工程委員會工程管理處","公共工程施工廠商履約情形計分要點","","","民國 103 年 10 月 27 日","民國 112 年 05 月 05 日","非逐條/附件型","0","公共工程施工廠商履約情形計分要點.json","https://lawweb.pcc.gov.tw/LawContent.aspx?id=GL000023","成功"
"93","03","行政院公共工程委員會工程管理處","公共工程開工要件注意事項","","","民國 104 年 03 月 17 日","民國 112 年 03 月 24 日","非逐條/附件型","0","公共工程開工要件注意事項.json","https://lawweb.pcc.gov.tw/LawContent.aspx?id=GL000026","成功"
"94","03","行政院公共工程委員會工程管理處","公共設施維護管理資訊公開作業要點","","","民國 110 年 01 月 14 日","","非逐條/附件型","0","公共設施維護管理資訊公開作業要點.json","https://lawweb.pcc.gov.tw/LawContent.aspx?id=GL000085","成功"
"95","03","行政院公共工程委員會工程管理處","全民監督公共工程管制考核作業要點","","","民國 103 年 06 月 30 日","民國 109 年 09 月 24 日","非逐條/附件型","0","全民監督公共工程管制考核作業要點.json","https://lawweb.pcc.gov.tw/LawContent.aspx?id=GL000021","成功"
"96","03","行政院公共工程委員會工程管理處","閒置公共設施活化補助經費審議執行及考核要點","","","民國 106 年 10 月 16 日","民國 109 年 07 月 29 日","非逐條/附件型","0","閒置公共設施活化補助經費審議執行及考核要點.json","https://lawweb.pcc.gov.tw/LawContent.aspx?id=GL000044","成功"
"97","03","行政院公共工程委員會工程管理處","工程施工查核委員專家名單資料庫建置及除名作業要點","","","民國 109 年 06 月 10 日","","非逐條/附件型","0","工程施工查核委員專家名單資料庫建置及除名作業要點.json","https://lawweb.pcc.gov.tw/LawContent.aspx?id=GL000080","成功"
"98","03","行政院公共工程委員會工程管理處","品質計畫製作綱要","","","民國 92 年 04 月 18 日","民國 109 年 04 月 27 日","非逐條/附件型","0","品質計畫製作綱要.json","https://lawweb.pcc.gov.tw/LawContent.aspx?id=FL031657","成功"
"99","03","行政院公共工程委員會工程管理處","監造計畫製作綱要","","","民國 92 年 04 月 18 日","民國 109 年 04 月 27 日","非逐條/附件型","0","監造計畫製作綱要.json","https://lawweb.pcc.gov.tw/LawContent.aspx?id=FL031656","成功"
"100","03","行政院公共工程委員會工程管理處","公共工程汛期工地防災減災作業要點","","","民國 97 年 07 月 29 日","民國 105 年 08 月 18 日","非逐條/附件型","0","公共工程汛期工地防災減災作業要點.json","https://lawweb.pcc.gov.tw/LawContent.aspx?id=FL046785","成功"
"101","03","行政院公共工程委員會工程管理處","工程施工查核小組不預先通知查核作業規定","","","民國 94 年 09 月 26 日","民國 105 年 06 月 13 日","非逐條/附件型","0","工程施工查核小組不預先通知查核作業規定.json","https://lawweb.pcc.gov.tw/LawContent.aspx?id=FL037158","成功"
"102","03","行政院公共工程委員會工程管理處","工程施工查核小組處理查核缺失改善逾期案件規定","","","民國 94 年 09 月 29 日","民國 105 年 06 月 13 日","非逐條/附件型","0","工程施工查核小組處理查核缺失改善逾期案件規定.json","https://lawweb.pcc.gov.tw/LawContent.aspx?id=FL037176","成功"
"103","03","行政院公共工程委員會工程管理處","辦理原住民族地區公共工程注意事項","","","民國 98 年 11 月 18 日","","非逐條/附件型","0","辦理原住民族地區公共工程注意事項.json","https://lawweb.pcc.gov.tw/LawContent.aspx?id=FL051223","成功"
"104","03","行政院公共工程委員會工程管理處","國軍支援防災復育工程跨部會協調小組設置及作業要點","","","民國 96 年 03 月 03 日","","非逐條/附件型","0","國軍支援防災復育工程跨部會協調小組設置及作業要點.json","https://lawweb.pcc.gov.tw/LawContent.aspx?id=FL042899","成功"
"105","03","行政院公共工程委員會工程管理處","機關辦理公立醫療院所工程注意事項","","","民國 95 年 04 月 26 日","","非逐條/附件型","0","機關辦理公立醫療院所工程注意事項.json","https://lawweb.pcc.gov.tw/LawContent.aspx?id=GL000041","成功"
"106","03","行政院公共工程委員會工程管理處","公共工程廠商延誤履約進度處理要點","","","民國 91 年 11 月 22 日","","非逐條/附件型","0","公共工程廠商延誤履約進度處理要點.json","https://lawweb.pcc.gov.tw/LawContent.aspx?id=FL022977","成功"
"107","03","行政院公共工程委員會工程管理處","行政院暨所屬各機關處理公共工程施工損害應注意事項","","","民國 85 年 02 月 06 日","","非逐條/附件型","0","行政院暨所屬各機關處理公共工程施工損害應注意事項.json","https://lawweb.pcc.gov.tw/LawContent.aspx?id=FL003724","成功"
"108","03","行政院公共工程委員會工程管理處","公共工程品質管理人員回訓大綱","","","民國 91 年 03 月 18 日","","非逐條/附件型","0","公共工程品質管理人員回訓大綱.json","https://lawweb.pcc.gov.tw/LawContent.aspx?id=FL029252","成功"
"109","03","行政院公共工程委員會工程管理處","公共工程品質管理人員訓練暨回訓作業規定","","","民國 89 年 07 月 10 日","","非逐條/附件型","0","公共工程品質管理人員訓練暨回訓作業規定.json","https://lawweb.pcc.gov.tw/LawContent.aspx?id=FL031275","成功"
"110","03","行政院公共工程委員會工程管理處","公共工程品質管理訓練班訓練大綱","","","民國 90 年 11 月 23 日","","非逐條/附件型","0","公共工程品質管理訓練班訓練大綱.json","https://lawweb.pcc.gov.tw/LawContent.aspx?id=FL031274","成功"
"111","03","行政院公共工程委員會工程管理處","工程施工查核成績丙等意見處理作業程序","","","民國 105 年 03 月 16 日","","非逐條/附件型","0","工程施工查核成績丙等意見處理作業程序.json","https://lawweb.pcc.gov.tw/LawContent.aspx?id=GL000043","成功"
"112","03","行政院公共工程委員會工程管理處","公共工程施工廠商履約情形計分試辦方案","","","民國 103 年 03 月 04 日","","非逐條/附件型","0","公共工程施工廠商履約情形計分試辦方案.json","https://lawweb.pcc.gov.tw/LawContent.aspx?id=GL000019","成功"
"113","03","行政院公共工程委員會工程管理處","全民監督公共工程實施方案","","","民國 91 年 07 月 25 日","","非逐條/附件型","0","全民監督公共工程實施方案.json","https://lawweb.pcc.gov.tw/LawContent.aspx?id=FL034694","成功"
"114","03","行政院公共工程委員會工程管理處","全民監督公共工程實施方案考核作業規定","","","民國 92 年 11 月 18 日","","非逐條/附件型","0","全民監督公共工程實施方案考核作業規定.json","https://lawweb.pcc.gov.tw/LawContent.aspx?id=FL034693","成功"
"115","03","行政院公共工程委員會工程管理處","97年度中央政府總預算追加預算工程物價調整款支用要點","","","民國 97 年 07 月 25 日","","非逐條/附件型","0","97年度中央政府總預算追加預算工程物價調整款支用要點.json","https://lawweb.pcc.gov.tw/LawContent.aspx?id=FL046707","成功"
"116","03","行政院公共工程委員會工程管理處","97年度中央政府擴大公共建設投資計畫特別預算地方工程物價調整款支用要點","","","民國 97 年 07 月 25 日","","非逐條/附件型","0","97年度中央政府擴大公共建設投資計畫特別預算地方工程物價調整款支用要點.json","https://lawweb.pcc.gov.tw/LawContent.aspx?id=FL046708","成功"
"117","03","行政院公共工程委員會工程管理處","公共工程施工品質評鑑作業要點","","","民國 86 年 01 月 24 日","","非逐條/附件型","0","公共工程施工品質評鑑作業要點.json","https://lawweb.pcc.gov.tw/LawContent.aspx?id=FL003739","成功"
"118","03","行政院公共工程委員會工程管理處","機關洽請專業採購機關代辦工程採購注意事項","","","民國 93 年 04 月 20 日","","非逐條/附件型","0","機關洽請專業採購機關代辦工程採購注意事項.json","https://lawweb.pcc.gov.tw/LawContent.aspx?id=FL030239","成功"
"119","08","行政院公共工程委員會採購申訴審議委員會","採購申訴審議規則","","","民國 88 年 04 月 30 日","民國 108 年 10 月 29 日","逐條法規","33","採購申訴審議規則.json","https://lawweb.pcc.gov.tw/LawContent.aspx?id=FL000712","成功"
"120","08","行政院公共工程委員會採購申訴審議委員會","採購申訴審議委員會組織準則","","","民國 88 年 04 月 30 日","民國 105 年 05 月 25 日","逐條法規","15","採購申訴審議委員會組織準則.json","https://lawweb.pcc.gov.tw/LawContent.aspx?id=FL000711","成功"
"121","08","行政院公共工程委員會採購申訴審議委員會","採購履約爭議調解收費辦法","","","民國 91 年 09 月 04 日","民國 101 年 08 月 03 日","逐條法規","16","採購履約爭議調解收費辦法.json","https://lawweb.pcc.gov.tw/LawContent.aspx?id=FL019239","成功"
"122","08","行政院公共工程委員會採購申訴審議委員會","採購履約爭議調解規則","","","民國 91 年 09 月 04 日","民國 97 年 04 月 22 日","逐條法規","26","採購履約爭議調解規則.json","https://lawweb.pcc.gov.tw/LawContent.aspx?id=FL019238","成功"
"123","08","行政院公共工程委員會採購申訴審議委員會","採購申訴審議收費辦法","","","民國 88 年 04 月 30 日","民國 96 年 03 月 13 日","逐條法規","9","採購申訴審議收費辦法.json","https://lawweb.pcc.gov.tw/LawContent.aspx?id=FL000670","成功"
"124","08","行政院公共工程委員會採購申訴審議委員會","採購履約爭議調解暨收費規則","","","民國 88 年 04 月 30 日","","逐條法規","43","採購履約爭議調解暨收費規則.json","https://lawweb.pcc.gov.tw/LawContent.aspx?id=FL000714","成功"
"125","09","行政院公共工程委員會中央採購稽核小組","採購稽核小組組織準則","","","民國 88 年 05 月 17 日","民國 114 年 08 月 08 日","逐條法規","8","採購稽核小組組織準則.json","https://lawweb.pcc.gov.tw/LawContent.aspx?id=FL000725","成功"
"126","09","行政院公共工程委員會中央採購稽核小組","採購稽核小組作業規則","","","民國 88 年 05 月 17 日","民國 108 年 09 月 23 日","逐條法規","18","採購稽核小組作業規則.json","https://lawweb.pcc.gov.tw/LawContent.aspx?id=FL000726","成功"
"127","09","行政院公共工程委員會中央採購稽核小組","採購稽核小組績效考核作業要點","","","民國 91 年 10 月 07 日","民國 105 年 04 月 28 日","非逐條/附件型","0","採購稽核小組績效考核作業要點.json","https://lawweb.pcc.gov.tw/LawContent.aspx?id=FL029468","成功"
"128","10","行政院公共工程委員會工程技術鑑定委員會","行政院公共工程委員會工程技術鑑定規費收費標準","","","民國 103 年 07 月 23 日","","逐條法規","4","行政院公共工程委員會工程技術鑑定規費收費標準.json","https://lawweb.pcc.gov.tw/LawContent.aspx?id=GL000022","成功"
"129","10","行政院公共工程委員會工程技術鑑定委員會","行政院公共工程委員會工程技術鑑定作業要點","","","民國 88 年 08 月 20 日","民國 103 年 07 月 25 日","非逐條/附件型","0","行政院公共工程委員會工程技術鑑定作業要點.json","https://lawweb.pcc.gov.tw/LawContent.aspx?id=FL003736","成功"
"130","10","行政院公共工程委員會工程技術鑑定委員會","行政院公共工程委員會工程技術鑑定委員會設置要點","","","民國 88 年 07 月 31 日","民國 92 年 09 月 09 日","非逐條/附件型","0","行政院公共工程委員會工程技術鑑定委員會設置要點.json","https://lawweb.pcc.gov.tw/LawContent.aspx?id=FL000069","成功"
"131","10","行政院公共工程委員會工程技術鑑定委員會","各機關僱用在地人辦理土石流及崩塌地源頭整治工作採購作業處理原則","","","民國 91 年 12 月 23 日","民國 92 年 08 月 11 日","非逐條/附件型","0","各機關僱用在地人辦理土石流及崩塌地源頭整治工作採購作業處理原則.json","https://lawweb.pcc.gov.tw/LawContent.aspx?id=FL022383","成功"
"132","10","行政院公共工程委員會工程技術鑑定委員會","公共工程履約權責劃分及管理應注意事項","","","民國 91 年 12 月 11 日","","非逐條/附件型","0","公共工程履約權責劃分及管理應注意事項.json","https://lawweb.pcc.gov.tw/LawContent.aspx?id=FL038990","成功"
"133","10","行政院公共工程委員會工程技術鑑定委員會","九二一震災受損建築物安全鑑定小組作業要點","","","民國 90 年 02 月 26 日","","非逐條/附件型","0","九二一震災受損建築物安全鑑定小組作業要點.json","https://lawweb.pcc.gov.tw/LawContent.aspx?id=GL000040","成功"
"134","10","行政院公共工程委員會工程技術鑑定委員會","九二一震災受損建築物安全鑑定小組設置要點","","","民國 90 年 02 月 26 日","","非逐條/附件型","0","九二一震災受損建築物安全鑑定小組設置要點.json","https://lawweb.pcc.gov.tw/LawContent.aspx?id=FL001639","成功"
"135","05","行政院公共工程委員會秘書處","行政院公共工程委員會會議規則","","","民國 85 年 04 月 24 日","民國 87 年 02 月 25 日","逐條法規","14","行政院公共工程委員會會議規則.json","https://lawweb.pcc.gov.tw/LawContent.aspx?id=FL000277","成功"
"136","05","行政院公共工程委員會秘書處","行政院公共工程委員會補助民間團體辦理研討活動處理要點","","","民國 95 年 05 月 10 日","民國 114 年 10 月 14 日","非逐條/附件型","0","行政院公共工程委員會補助民間團體辦理研討活動處理要點.json","https://lawweb.pcc.gov.tw/LawContent.aspx?id=GL000088","成功"
"137","05","行政院公共工程委員會秘書處","行政院公共工程委員會刊登行政院公報作業要點","","","民國 94 年 09 月 19 日","","非逐條/附件型","0","行政院公共工程委員會刊登行政院公報作業要點.json","https://lawweb.pcc.gov.tw/LawContent.aspx?id=FL037173","成功"
"138","11","行政院公共工程委員會人事室","行政院公共工程委員會組織條例","","","民國 84 年 07 月 10 日","","逐條法規","18","行政院公共工程委員會組織條例.json","https://lawweb.pcc.gov.tw/LawContent.aspx?id=FL000050","成功"
"139","11","行政院公共工程委員會人事室","行政院公共工程委員會專業獎章頒給辦法","","","民國 87 年 03 月 25 日","民國 115 年 08 月 25 日","逐條法規","11","行政院公共工程委員會專業獎章頒給辦法.json","https://lawweb.pcc.gov.tw/LawContent.aspx?id=FL017279","成功"
"140","11","行政院公共工程委員會人事室","行政院公共工程委員會公務人員交代條例施行細則","","","民國 102 年 05 月 24 日","","逐條法規","18","行政院公共工程委員會公務人員交代條例施行細則.json","https://lawweb.pcc.gov.tw/LawContent.aspx?id=GL000018","成功"
"141","11","行政院公共工程委員會人事室","行政院公共工程委員會辦事細則","","","民國 86 年 02 月 25 日","民國 89 年 12 月 27 日","逐條法規","26","行政院公共工程委員會辦事細則.json","https://lawweb.pcc.gov.tw/LawContent.aspx?id=FL000276","成功"
"142","07","行政院公共工程委員會法規會","行政院公共工程委員會提供政府資訊收費標準","","","民國 95 年 07 月 07 日","民國 112 年 10 月 27 日","逐條法規","8","行政院公共工程委員會提供政府資訊收費標準.json","https://lawweb.pcc.gov.tw/LawContent.aspx?id=FL039766","成功"
"143","07","行政院公共工程委員會法規會","行政院公共工程委員會法規委員會組織規程","","","民國 85 年 05 月 30 日","民國 109 年 02 月 26 日","逐條法規","11","行政院公共工程委員會法規委員會組織規程.json","https://lawweb.pcc.gov.tw/LawContent.aspx?id=FL000051","成功"
"144","13","行政院公共工程委員會資訊推動小組","電子採購作業辦法","","","民國 91 年 07 月 17 日","民國 114 年 03 月 27 日","逐條法規","25","電子採購作業辦法.json","https://lawweb.pcc.gov.tw/LawContent.aspx?id=FL000731","成功"
"145","13","行政院公共工程委員會資訊推動小組","政府電子採購網資訊取得及使用要點","","","民國 108 年 09 月 23 日","","非逐條/附件型","0","政府電子採購網資訊取得及使用要點.json","https://lawweb.pcc.gov.tw/LawContent.aspx?id=GL000065","成功"
